{"cameraMode":{"drawMode":0,"name":"Shaded","section":"Shading Mode"},"sceneLighting":false,"audioPlay":false,"sceneViewState":{"showFog":false,"showMaterialUpdate":false,"showSkybox":false,"showFlares":false,"showImageEffects":false,"showParticleSystems":false},"in2DMode":false,"pivot":{"x":0.03435000032186508,"y":0.9532422423362732,"z":0.4050000011920929},"rotation":{"x":-0.07847756892442703,"y":0.0292714424431324,"z":-0.0023726089857518675,"w":-0.9965181946754456},"size":0.3162279427051544,"orthographic":false}