{"cameraMode":{"drawMode":0,"name":"Shaded","section":"Shading Mode"},"sceneLighting":true,"audioPlay":false,"sceneViewState":{"showFog":false,"showMaterialUpdate":false,"showSkybox":false,"showFlares":false,"showImageEffects":false,"showParticleSystems":false},"in2DMode":false,"pivot":{"x":-1.2299093008041382,"y":1.8089754581451417,"z":0.5074466466903687},"rotation":{"x":0.06519085168838501,"y":-0.721851110458374,"z":0.06864514946937561,"w":0.6855449676513672},"size":3.007394790649414,"orthographic":false}