{"cameraMode":{"drawMode":0,"name":"Shaded","section":"Shading Mode"},"sceneLighting":true,"audioPlay":false,"sceneViewState":{"showFog":true,"showMaterialUpdate":false,"showSkybox":true,"showFlares":true,"showImageEffects":true,"showParticleSystems":true},"in2DMode":false,"pivot":{"x":-0.12000000476837158,"y":1.7699999809265137,"z":-1.75},"rotation":{"x":0.031908515840768817,"y":-0.3990005850791931,"z":0.013894964940845967,"w":0.9162908792495728},"size":4.81576681137085,"orthographic":false}