{"cameraMode":{"drawMode":0,"name":"Shaded","section":"Shading Mode"},"sceneLighting":true,"audioPlay":false,"sceneViewState":{"showFog":true,"showMaterialUpdate":false,"showSkybox":true,"showFlares":true,"showImageEffects":true,"showParticleSystems":true},"in2DMode":false,"pivot":{"x":526.260009765625,"y":0.6500000357627869,"z":340.8800048828125},"rotation":{"x":0.205525204539299,"y":0.12760630249977113,"z":-0.02703680843114853,"w":0.9699209332466126},"size":58.916786193847659,"orthographic":false}