{"cameraMode":{"drawMode":0,"name":"Shaded","section":"Shading Mode"},"sceneLighting":true,"audioPlay":false,"sceneViewState":{"showFog":true,"showMaterialUpdate":false,"showSkybox":true,"showFlares":true,"showImageEffects":true,"showParticleSystems":true},"in2DMode":false,"pivot":{"x":524.4340209960938,"y":4.23452615737915,"z":342.4059143066406},"rotation":{"x":-0.12132953107357025,"y":-0.266904354095459,"z":0.03389301896095276,"w":-0.9554569125175476},"size":24.23316192626953,"orthographic":false}