{"cameraMode":{"drawMode":0,"name":"Shaded","section":"Shading Mode"},"sceneLighting":true,"audioPlay":false,"sceneViewState":{"showFog":true,"showMaterialUpdate":true,"showSkybox":true,"showFlares":true,"showImageEffects":true,"showParticleSystems":true},"in2DMode":false,"pivot":{"x":524.5305786132813,"y":0.5099999904632568,"z":340.19000244140627},"rotation":{"x":0.19744054973125459,"y":-0.6114314198493958,"z":0.16119764745235444,"w":0.7491932511329651},"size":6.0665693283081059,"orthographic":false}