{"cameraMode":{"drawMode":0,"name":"Shaded","section":"Shading Mode"},"sceneLighting":true,"audioPlay":false,"sceneViewState":{"showFog":true,"showMaterialUpdate":true,"showSkybox":true,"showFlares":true,"showImageEffects":true,"showParticleSystems":true},"in2DMode":false,"pivot":{"x":435.882568359375,"y":41.370567321777347,"z":616.7564697265625},"rotation":{"x":0.09503762423992157,"y":0.6141189336776733,"z":-0.074772909283638,"w":0.7799553275108337},"size":672.978271484375,"orthographic":false}